{
  "notes": {
    "A#3": {
      "coeffs": {
        "3": {
          "coeff": [
            0.3322906557121722,
            0.6897837980687984,
            0.582003945154851
          ],
          "loss": 0.6384268403053284
        },
        "5": {
          "coeff": [
            0.16014140509105118,
            0.39262312191983256,
            0.19426694449901782,
            0.5211176510316546,
            0.5391949028441311
          ],
          "loss": 0.6707766056060791
        }
      },
      "wood": [
        1.0,
        1.0,
        1.0
      ]
    },
    "A2": {
      "coeffs": {
        "3": {
          "coeff": [
            0.18657447279645115,
            1.0,
            0.6727174500946531
          ],
          "loss": 0.7420318126678467
        },
        "5": {
          "coeff": [
            0.0840043984693412,
            0.5029405899398405,
            0.0,
            0.7985992719193943,
            0.6183835035981687
          ],
          "loss": 0.6257403492927551
        }
      },
      "wood": [
        1.0,
        1.0,
        1.0
      ]
    },
    "A3": {
      "coeffs": {
        "3": {
          "coeff": [
            0.30537471641798325,
            0.831664067222366,
            0.564046637593895
          ],
          "loss": 0.6199380159378052
        },
        "5": {
          "coeff": [
            0.20760836046084558,
            0.7224205744747563,
            0.15770592990526974,
            0.6690921349555454,
            0.5219989825027513
          ],
          "loss": 0.5375769734382629
        }
      },
      "wood": [
        1.0,
        1.0,
        1.0
      ]
    },
    "C#3": {
      "coeffs": {
        "3": {
          "coeff": [
            0.18652123195033835,
            1.0,
            0.5954726903627034
          ],
          "loss": 0.663090705871582
        },
        "5": {
          "coeff": [
            0.08236945217100099,
            0.5019432714275834,
            0.0,
            0.8047145827182515,
            0.5466497940837518
          ],
          "loss": 0.5561056137084961
        }
      },
      "wood": [
        1.0,
        1.0,
        1.0
      ]
    },
    "C2": {
      "coeffs": {
        "3": {
          "coeff": [
            0.1859712879772949,
            1.0,
            0.8806442167379401
          ],
          "loss": 0.9539268016815186
        }
      },
      "wood": [
        1.0,
        1.0,
        1.0
      ]
    },
    "D#3": {
      "coeffs": {
        "3": {
          "coeff": [
            0.18539892160166446,
            1.0,
            0.5667395564957817
          ],
          "loss": 0.6341785788536072
        },
        "5": {
          "coeff": [
            0.07498563330055198,
            0.48618064473870976,
            0.0,
            0.7945717321776198,
            0.519019859490576
          ],
          "loss": 0.5348454117774963
        }
      },
      "wood": [
        1.0,
        1.0,
        1.0
      ]
    },
    "D2": {
      "coeffs": {
        "3": {
          "coeff": [
            0.18662706573326096,
            1.0,
            0.8307097852161087
          ],
          "loss": 0.9026383757591248
        },
        "5": {
          "coeff": [
            0.0899991569469647,
            0.3626275109983198,
            0.0,
            0.872075047613123,
            0.7466411489204869
          ],
          "loss": 0.7637314796447754
        }
      },
      "wood": [
        1.0,
        1.0,
        1.0
      ]
    },
    "E2": {
      "coeffs": {
        "3": {
          "coeff": [
            0.1875876592017577,
            1.0,
            0.7898206083190769
          ],
          "loss": 0.8608138561248779
        },
        "5": {
          "coeff": [
            0.09270013293584761,
            0.41518653459707694,
            0.0,
            0.8337670949791338,
            0.7181293771297845
          ],
          "loss": 0.7250704765319824
        }
      },
      "wood": [
        1.0,
        1.0,
        1.0
      ]
    },
    "F#3": {
      "coeffs": {
        "3": {
          "coeff": [
            0.2290298420713703,
            0.9588800794902768,
            0.5617958918915699
          ],
          "loss": 0.628593385219574
        },
        "5": {
          "coeff": [
            0.08699104657481918,
            0.6186187784661029,
            0.0,
            0.8179893149666407,
            0.4876474989317677
          ],
          "loss": 0.510305643081665
        }
      },
      "wood": [
        1.0,
        1.0,
        1.0
      ]
    },
    "F3": {
      "coeffs": {
        "3": {
          "coeff": [
            0.18456863363512566,
            1.0,
            0.5372117173986438
          ],
          "loss": 0.6059260964393616
        },
        "5": {
          "coeff": [
            0.07932943501953231,
            0.5795074123961965,
            0.0,
            0.7982481831220766,
            0.49515148686012567
          ],
          "loss": 0.5105246305465698
        }
      },
      "wood": [
        1.0,
        1.0,
        1.0
      ]
    },
    "G2": {
      "coeffs": {
        "3": {
          "coeff": [
            0.1875789921339683,
            1.0,
            0.7200641026768614
          ],
          "loss": 0.7890778183937073
        },
        "5": {
          "coeff": [
            0.08711260645237617,
            0.4798733296179054,
            0.0,
            0.8325860280912628,
            0.658331455993401
          ],
          "loss": 0.669898509979248
        }
      },
      "wood": [
        1.0,
        1.0,
        1.0
      ]
    }
  }
}