{
  "notes": {
    "A#3": {
      "coeffs": {
        "5": {
          "coeff": [
            0.3919417450806628,
            0.6722626496615631,
            0.4042856274936467,
            0.32561823006046187,
            0.6712746395149483
          ],
          "loss": 10000000000.0
        }
      },
      "wood": [
        1.0,
        1.0,
        1.0
      ]
    },
    "A2": {
      "coeffs": {
        "5": {
          "coeff": [
            0.5494101968673709,
            0.505258379548563,
            0.4500608054695542,
            0.28239458074431845,
            0.9735216547389656
          ],
          "loss": 10000000000.0
        }
      },
      "wood": [
        1.0,
        1.0,
        1.0
      ]
    },
    "A3": {
      "coeffs": {
        "5": {
          "coeff": [
            0.5080442254400027,
            0.6180836612201601,
            0.4007293059745877,
            0.36002712283885824,
            0.6781339939179554
          ],
          "loss": 10000000000.0
        }
      },
      "wood": [
        1.0,
        1.0,
        1.0
      ]
    },
    "C#3": {
      "coeffs": {
        "5": {
          "coeff": [
            0.4812149099284314,
            0.5195243803358972,
            0.43772442249995397,
            0.25488601734831473,
            0.8581119185314597
          ],
          "loss": 10000000000.0
        }
      },
      "wood": [
        1.0,
        1.0,
        1.0
      ]
    },
    "C2": {
      "coeffs": {
        "5": {
          "coeff": [
            0.25494720227205103,
            0.8057387697800569,
            0.2483046379943088,
            0.6911166566111533,
            0.9206686957301928
          ],
          "loss": 10000000000.0
        }
      },
      "wood": [
        1.0,
        1.0,
        1.0
      ]
    },
    "D#3": {
      "coeffs": {
        "5": {
          "coeff": [
            0.5038333219611,
            0.627089775653446,
            0.4148116575416304,
            0.2830529947798535,
            0.8189854212286335
          ],
          "loss": 10000000000.0
        }
      },
      "wood": [
        1.0,
        1.0,
        1.0
      ]
    },
    "D2": {
      "coeffs": {
        "5": {
          "coeff": [
            0.3858023856672003,
            0.6942892889162582,
            0.2854629276248881,
            0.7131651345424656,
            0.9514183641133723
          ],
          "loss": 10000000000.0
        }
      },
      "wood": [
        1.0,
        1.0,
        1.0
      ]
    },
    "E2": {
      "coeffs": {
        "5": {
          "coeff": [
            0.012471980902114772,
            0.5898794351145812,
            0.0,
            0.9682113357828522,
            0.502948517509025
          ],
          "loss": 0.07326646894216537
        }
      },
      "wood": [
        1.0,
        1.0,
        1.0
      ]
    },
    "F#3": {
      "coeffs": {
        "5": {
          "coeff": [
            0.542054994989304,
            0.5913100659569656,
            0.4115309469745074,
            0.3560380960131089,
            0.7571502404020146
          ],
          "loss": 10000000000.0
        }
      },
      "wood": [
        1.0,
        1.0,
        1.0
      ]
    },
    "F3": {
      "coeffs": {
        "5": {
          "coeff": [
            0.5288763423511231,
            0.5378966668636695,
            0.45096331739565215,
            0.30641068037963987,
            0.7759155996075044
          ],
          "loss": 10000000000.0
        }
      },
      "wood": [
        1.0,
        1.0,
        1.0
      ]
    },
    "G2": {
      "coeffs": {
        "5": {
          "coeff": [
            0.4095677954372443,
            0.6284953426820405,
            0.3874934177446136,
            0.3606114826251598,
            1.0
          ],
          "loss": 10000000000.0
        }
      },
      "wood": [
        1.0,
        1.0,
        1.0
      ]
    }
  }
}