{
  "notes": {
    "A#3": {
      "coeffs": {
        "3": {
          "coeff": [
            0.1645262872203942,
            1.0,
            0.43440722831670403
          ],
          "loss": 0.9396752715110779
        },
        "5": {
          "coeff": [
            0.1509310126415248,
            0.29215899910906173,
            0.0,
            0.9777191010785146,
            0.4009805530563726
          ],
          "loss": 0.08164183050394058
        }
      },
      "wood": [
        1.0,
        1.0,
        1.0
      ]
    },
    "A2": {
      "coeffs": {
        "3": {
          "coeff": [
            0.1702450979240757,
            1.0,
            0.6272206520569542
          ],
          "loss": 1.326347827911377
        },
        "5": {
          "coeff": [
            0.07855686633434453,
            0.6289556359847451,
            0.0,
            0.766567427862172,
            0.5950200086252304
          ],
          "loss": 0.12285821884870529
        }
      },
      "wood": [
        1.0,
        1.0,
        1.0
      ]
    },
    "A3": {
      "coeffs": {
        "3": {
          "coeff": [
            0.16489729115371998,
            1.0,
            0.4428624496745985
          ],
          "loss": 0.957480251789093
        },
        "5": {
          "coeff": [
            0.1541996426032259,
            0.269320795101189,
            0.0,
            1.0,
            0.40443276648228593
          ],
          "loss": 0.08249250054359436
        }
      },
      "wood": [
        1.0,
        1.0,
        1.0
      ]
    },
    "C#3": {
      "coeffs": {
        "3": {
          "coeff": [
            0.1691153371447036,
            1.0,
            0.5546372334631063
          ],
          "loss": 1.1811423301696777
        },
        "5": {
          "coeff": [
            0.07970350067759559,
            0.500764736394459,
            2.48514570266751e-19,
            0.7898408718752739,
            0.5228332394987034
          ],
          "loss": 0.10932577401399612
        }
      },
      "wood": [
        1.0,
        1.0,
        1.0
      ]
    },
    "C2": {
      "coeffs": {
        "3": {
          "coeff": [
            0.0,
            1.0,
            0.7268270142043639
          ],
          "loss": 1.6304094791412354
        },
        "5": {
          "coeff": [
            0.14600242289278306,
            0.2708299713317644,
            0.010425929062674411,
            1.0,
            0.7483636429798343
          ],
          "loss": 0.1505550742149353
        }
      },
      "wood": [
        1.0,
        1.0,
        1.0
      ]
    },
    "D#3": {
      "coeffs": {
        "3": {
          "coeff": [
            0.1678522146820129,
            1.0,
            0.5279592085413112
          ],
          "loss": 1.1274868249893188
        },
        "5": {
          "coeff": [
            0.15210029963017216,
            0.25757285764235693,
            0.010425929062674411,
            1.0,
            0.4802080485084587
          ],
          "loss": 0.09822165220975876
        }
      },
      "wood": [
        1.0,
        1.0,
        1.0
      ]
    },
    "D2": {
      "coeffs": {
        "3": {
          "coeff": [
            0.0,
            1.0,
            0.7007551932209544
          ],
          "loss": 10000000000.0
        },
        "4": {
          "coeff": [
            0.0777150737103119,
            0.0,
            1.0,
            0.6398559823861525
          ],
          "loss": 10000000000.0
        },
        "5": {
          "coeff": [
            0.13524702957479057,
            0.2669826806692831,
            1.7760901568283825e-19,
            0.9712477367421312,
            0.7024448324475542
          ],
          "loss": 0.0016857256414368749
        }
      },
      "wood": [
        1.0,
        1.0,
        1.0
      ]
    },
    "E2": {
      "coeffs": {
        "3": {
          "coeff": [
            0.0,
            1.0,
            0.664224803388948
          ],
          "loss": 10000000000.0
        },
        "4": {
          "coeff": [
            0.1519080317132494,
            0.03465807789497657,
            1.0,
            0.6474521179156318
          ],
          "loss": 10000000000.0
        },
        "5": {
          "coeff": [
            0.14840526671421192,
            0.26723934112367703,
            0.010425929062674411,
            1.0,
            0.6689817000565199
          ],
          "loss": 0.1348871886730194
        }
      },
      "wood": [
        1.0,
        1.0,
        1.0
      ]
    },
    "F#3": {
      "coeffs": {
        "3": {
          "coeff": [
            0.16769653885593994,
            1.0,
            0.4928004453716677
          ],
          "loss": 1.0564829111099243
        },
        "5": {
          "coeff": [
            0.14421341674741103,
            0.27443537886999864,
            0.0,
            0.9833367001146435,
            0.44893839950122705
          ],
          "loss": 0.0911455750465393
        }
      },
      "wood": [
        1.0,
        1.0,
        1.0
      ]
    },
    "F3": {
      "coeffs": {
        "3": {
          "coeff": [
            0.1675581468531606,
            1.0,
            0.5004351128884911
          ],
          "loss": 1.0719436407089233
        },
        "5": {
          "coeff": [
            0.106224092050471,
            0.34917244900781713,
            0.0,
            0.8783960995246433,
            0.46258870501789734
          ],
          "loss": 0.09686384350061417
        }
      },
      "wood": [
        1.0,
        1.0,
        1.0
      ]
    },
    "G2": {
      "coeffs": {
        "3": {
          "coeff": [
            0.1695649263888937,
            1.0,
            0.6708206002145158
          ],
          "loss": 1.415724515914917
        },
        "5": {
          "coeff": [
            0.14466091291664274,
            0.2866462963595899,
            0.0,
            1.0,
            0.6115487008037231
          ],
          "loss": 0.12388958781957626
        }
      },
      "wood": [
        1.0,
        1.0,
        1.0
      ]
    }
  }
}