{
  "notes": {
    "A#3": {
      "coeffs": {
        "5": {
          "coeff": [
            0.3908815532068426,
            0.640273485577771,
            0.31686955458293403,
            0.3215337802000455,
            0.668650954440957
          ],
          "loss": 0.13441817462444305
        }
      },
      "wood": [
        1.0,
        1.0,
        1.0
      ]
    },
    "A2": {
      "coeffs": {
        "5": {
          "coeff": [
            0.4145755011800042,
            0.4424456695890476,
            0.38302418107881436,
            0.2888021221545728,
            0.9717235506272756
          ],
          "loss": 0.19558672606945038
        }
      },
      "wood": [
        1.0,
        1.0,
        1.0
      ]
    },
    "A3": {
      "coeffs": {
        "5": {
          "coeff": [
            0.5565874528951934,
            0.4733409378653074,
            0.34860626016666996,
            0.3635185509450094,
            0.6841025965749256
          ],
          "loss": 0.13772982358932495
        }
      },
      "wood": [
        1.0,
        1.0,
        1.0
      ]
    },
    "C#3": {
      "coeffs": {
        "5": {
          "coeff": [
            0.4639571547764137,
            0.45271748006396234,
            0.3775858715827597,
            0.29169999104877603,
            0.8588766064917484
          ],
          "loss": 0.1725926399230957
        }
      },
      "wood": [
        1.0,
        1.0,
        1.0
      ]
    },
    "C2": {
      "coeffs": {
        "5": {
          "coeff": [
            0.08443485760914377,
            0.9528183999233266,
            0.02206351221246925,
            0.708905245694283,
            0.830781479230263
          ],
          "loss": 0.1703009307384491
        }
      },
      "wood": [
        1.0,
        1.0,
        1.0
      ]
    },
    "D#3": {
      "coeffs": {
        "5": {
          "coeff": [
            0.45664699366949557,
            0.47612527683855044,
            0.3529161066623439,
            0.31212398400777736,
            0.8177237925854349
          ],
          "loss": 0.16435296833515167
        }
      },
      "wood": [
        1.0,
        1.0,
        1.0
      ]
    },
    "D2": {
      "coeffs": {
        "5": {
          "coeff": [
            0.07588792361163615,
            0.8331403180228151,
            0.012628581794896503,
            0.7242698445338087,
            0.7801088620882717
          ],
          "loss": 0.16144990921020508
        }
      },
      "wood": [
        1.0,
        1.0,
        1.0
      ]
    },
    "E2": {
      "coeffs": {
        "5": {
          "coeff": [
            0.38154921618451126,
            0.581763787432637,
            0.23347236645322253,
            0.5903004398603433,
            0.9813304407066271
          ],
          "loss": 0.2153506726026535
        }
      },
      "wood": [
        1.0,
        1.0,
        1.0
      ]
    },
    "F#3": {
      "coeffs": {
        "5": {
          "coeff": [
            0.452642680548037,
            0.4943988435368403,
            0.351351616669941,
            0.31948426471394603,
            0.7625886311209445
          ],
          "loss": 0.1538606882095337
        }
      },
      "wood": [
        1.0,
        1.0,
        1.0
      ]
    },
    "F3": {
      "coeffs": {
        "5": {
          "coeff": [
            0.5001009050639923,
            0.48619778230713645,
            0.3415937031561582,
            0.3582097235279457,
            0.7672984345506791
          ],
          "loss": 0.15620043873786926
        }
      },
      "wood": [
        1.0,
        1.0,
        1.0
      ]
    },
    "G2": {
      "coeffs": {
        "5": {
          "coeff": [
            0.6774972995899854,
            0.6872616852751732,
            0.33455716751996173,
            0.5941696006063301,
            1.0
          ],
          "loss": 0.2007306069135666
        }
      },
      "wood": [
        1.0,
        1.0,
        1.0
      ]
    }
  }
}