{
  "notes": {
    "A#3": {
      "coeffs": {
        "5": {
          "coeff": [
            0.2922796382390111,
            0.5348052910539586,
            0.344574107328755,
            0.3027065439913764,
            0.6090263517518489
          ],
          "loss": 0.1235351711511612
        }
      },
      "wood": [
        1.0,
        1.0,
        1.0
      ]
    },
    "A2": {
      "coeffs": {
        "5": {
          "coeff": [
            0.4115278552113738,
            0.4909149045033557,
            0.3562784147471181,
            0.3020250226969024,
            0.8908629695343685
          ],
          "loss": 0.17920514941215515
        }
      },
      "wood": [
        1.0,
        1.0,
        1.0
      ]
    },
    "A3": {
      "coeffs": {
        "5": {
          "coeff": [
            0.49888445503000056,
            0.35366112515083525,
            0.348337336239558,
            0.34811817502886644,
            0.6159561151899162
          ],
          "loss": 0.12463214993476868
        }
      },
      "wood": [
        1.0,
        1.0,
        1.0
      ]
    },
    "C#3": {
      "coeffs": {
        "5": {
          "coeff": [
            0.3949551362811835,
            0.44212416276548133,
            0.3438190328485062,
            0.26462749732767304,
            0.7842775165438101
          ],
          "loss": 0.15771280229091644
        }
      },
      "wood": [
        1.0,
        1.0,
        1.0
      ]
    },
    "C2": {
      "coeffs": {
        "5": {
          "coeff": [
            0.3178547401089457,
            0.5160194452053709,
            0.18543668174810207,
            0.6329752457139469,
            0.9625907273848473
          ],
          "loss": 0.21120299398899078
        }
      },
      "wood": [
        1.0,
        1.0,
        1.0
      ]
    },
    "D#3": {
      "coeffs": {
        "5": {
          "coeff": [
            0.4858348950989837,
            0.5445114608167554,
            0.29223105633852037,
            0.3929428778719143,
            0.731600984442273
          ],
          "loss": 0.14900822937488556
        }
      },
      "wood": [
        1.0,
        1.0,
        1.0
      ]
    },
    "D2": {
      "coeffs": {
        "5": {
          "coeff": [
            0.2379974748806767,
            0.5279301269796226,
            0.13935829957993662,
            0.7572047477303032,
            0.8320327068612043
          ],
          "loss": 0.17388592660427094
        }
      },
      "wood": [
        1.0,
        1.0,
        1.0
      ]
    },
    "E2": {
      "coeffs": {
        "5": {
          "coeff": [
            0.43954883508379355,
            0.6742526336369385,
            0.26556349164298043,
            0.5849538142916397,
            0.9472045619251063
          ],
          "loss": 0.19972586631774902
        }
      },
      "wood": [
        1.0,
        1.0,
        1.0
      ]
    },
    "F#3": {
      "coeffs": {
        "5": {
          "coeff": [
            0.4216005386019786,
            0.44993191679270367,
            0.33625481424169934,
            0.3289494176355181,
            0.6920263190101925
          ],
          "loss": 0.13885369896888733
        }
      },
      "wood": [
        1.0,
        1.0,
        1.0
      ]
    },
    "F3": {
      "coeffs": {
        "5": {
          "coeff": [
            0.37401249863922736,
            0.4501743151083669,
            0.3572868841490296,
            0.31486752870612317,
            0.7055005577738465
          ],
          "loss": 0.14190882444381714
        }
      },
      "wood": [
        1.0,
        1.0,
        1.0
      ]
    },
    "G2": {
      "coeffs": {
        "5": {
          "coeff": [
            0.37584137018785685,
            0.5199383635608302,
            0.3393271910251739,
            0.29332915184511377,
            0.9540005947628539
          ],
          "loss": 0.19251282513141632
        }
      },
      "wood": [
        1.0,
        1.0,
        1.0
      ]
    }
  }
}