{
  "notes": {
    "A#3": {
      "coeffs": {
        "5": {
          "coeff": [
            0.4980797851542811,
            0.7219995805858463,
            0.36019568622205317,
            0.6257882221575097,
            0.657975971934151
          ],
          "loss": 0.13548396527767181
        }
      },
      "wood": [
        1.0,
        1.0,
        1.0
      ]
    },
    "A2": {
      "coeffs": {
        "5": {
          "coeff": [
            0.12524693551560123,
            0.21779840889077035,
            0.07647679293529942,
            1.0,
            0.4987896070390907
          ],
          "loss": 0.10954117774963379
        }
      },
      "wood": [
        1.0,
        1.0,
        1.0
      ]
    },
    "A3": {
      "coeffs": {
        "5": {
          "coeff": [
            0.3321495750799791,
            0.4286052006965232,
            0.217149237316233,
            0.9108553334002982,
            0.5112051995035829
          ],
          "loss": 0.10789867490530014
        }
      },
      "wood": [
        1.0,
        1.0,
        1.0
      ]
    },
    "C#3": {
      "coeffs": {
        "5": {
          "coeff": [
            0.18839720575476998,
            0.3040640781912577,
            0.1296668753127311,
            0.9656994972251699,
            0.5186852783368239
          ],
          "loss": 0.11256501078605652
        }
      },
      "wood": [
        1.0,
        1.0,
        1.0
      ]
    },
    "C2": {
      "coeffs": {
        "5": {
          "coeff": [
            0.041626038924762784,
            0.1596226653879911,
            0.00467088463126291,
            0.9774085538645019,
            0.5115910259304689
          ],
          "loss": 0.1121906265616417
        }
      },
      "wood": [
        1.0,
        1.0,
        1.0
      ]
    },
    "D#3": {
      "coeffs": {
        "5": {
          "coeff": [
            0.11114593163348448,
            0.4938928135372515,
            0.13369825505407934,
            0.8655209263051755,
            0.4671310240123967
          ],
          "loss": 0.10810592025518417
        }
      },
      "wood": [
        1.0,
        1.0,
        1.0
      ]
    },
    "D2": {
      "coeffs": {
        "5": {
          "coeff": [
            0.04183364503998636,
            0.1676367405291329,
            0.0,
            0.9993943182828349,
            0.47672067187220873
          ],
          "loss": 0.11053711175918579
        }
      },
      "wood": [
        1.0,
        1.0,
        1.0
      ]
    },
    "E2": {
      "coeffs": {
        "5": {
          "coeff": [
            0.05408458669546922,
            0.14270107761127906,
            0.020669237757674083,
            1.0,
            0.46130586795566536
          ],
          "loss": 0.10238384455442429
        }
      },
      "wood": [
        1.0,
        1.0,
        1.0
      ]
    },
    "F#3": {
      "coeffs": {
        "5": {
          "coeff": [
            0.1874011673177957,
            0.5239096976974609,
            0.16976812570980399,
            0.8117465202918135,
            0.49672065220578043
          ],
          "loss": 0.11390096694231033
        }
      },
      "wood": [
        1.0,
        1.0,
        1.0
      ]
    },
    "F3": {
      "coeffs": {
        "5": {
          "coeff": [
            0.18965370193278908,
            0.3838650415484335,
            0.14882064833024974,
            0.9144524645616763,
            0.4892042545587361
          ],
          "loss": 0.11064786463975906
        }
      },
      "wood": [
        1.0,
        1.0,
        1.0
      ]
    },
    "G2": {
      "coeffs": {
        "5": {
          "coeff": [
            0.04370689753556305,
            0.17687191758807339,
            0.015738218521088743,
            0.9791403893776357,
            0.42036070105532924
          ],
          "loss": 0.09752808511257172
        }
      },
      "wood": [
        1.0,
        1.0,
        1.0
      ]
    }
  }
}