{
  "notes": {
    "A#3": {
      "coeffs": {
        "5": {
          "coeff": [
            0.121605571951465,
            0.869528950762263,
            0.211597800979897,
            0.752391001967708,
            0.24474013817302143
          ],
          "loss": 10000000000.0
        }
      },
      "wood": [
        1.0,
        1.0,
        1.0
      ]
    },
    "A2": {
      "coeffs": {
        "5": {
          "coeff": [
            0.07694878265844138,
            0.3970217579531185,
            0.11571795828541034,
            1.0,
            0.2762629814852804
          ],
          "loss": 10000000000.0
        }
      },
      "wood": [
        1.0,
        1.0,
        1.0
      ]
    },
    "A3": {
      "coeffs": {
        "5": {
          "coeff": [
            0.14834154614389208,
            0.29810903656193216,
            0.13686004689028708,
            0.9420517695609358,
            0.27269808598360556
          ],
          "loss": 10000000000.0
        }
      },
      "wood": [
        1.0,
        1.0,
        1.0
      ]
    },
    "C#3": {
      "coeffs": {
        "5": {
          "coeff": [
            0.17860516044201213,
            0.6619744923019242,
            0.22543527340439298,
            0.7995804062683907,
            0.42366416549910185
          ],
          "loss": 10000000000.0
        }
      },
      "wood": [
        1.0,
        1.0,
        1.0
      ]
    },
    "C2": {
      "coeffs": {
        "5": {
          "coeff": [
            0.08409273241008758,
            0.8061368801610286,
            0.18308422546673866,
            0.9687834003570758,
            0.3623220597051917
          ],
          "loss": 10000000000.0
        }
      },
      "wood": [
        1.0,
        1.0,
        1.0
      ]
    },
    "D#3": {
      "coeffs": {
        "5": {
          "coeff": [
            0.2991086627720772,
            0.3710997287011038,
            0.22520439087448807,
            1.0,
            0.4597272423201055
          ],
          "loss": 10000000000.0
        }
      },
      "wood": [
        1.0,
        1.0,
        1.0
      ]
    },
    "D2": {
      "coeffs": {
        "5": {
          "coeff": [
            0.06895175896855123,
            0.5296271561812784,
            0.13257800038784803,
            1.0,
            0.3267602474264256
          ],
          "loss": 10000000000.0
        }
      },
      "wood": [
        1.0,
        1.0,
        1.0
      ]
    },
    "E2": {
      "coeffs": {
        "5": {
          "coeff": [
            0.0355804405755628,
            0.46603176827302545,
            0.1024641439611069,
            0.9889219820264665,
            0.2006864352400338
          ],
          "loss": 10000000000.0
        }
      },
      "wood": [
        1.0,
        1.0,
        1.0
      ]
    },
    "F#3": {
      "coeffs": {
        "5": {
          "coeff": [
            0.1592015282293755,
            0.7366474467900763,
            0.21912993308552886,
            0.815601476198345,
            0.3476915687895828
          ],
          "loss": 10000000000.0
        }
      },
      "wood": [
        1.0,
        1.0,
        1.0
      ]
    },
    "F3": {
      "coeffs": {
        "5": {
          "coeff": [
            0.18495650242200926,
            0.28104472481515325,
            0.14858955747018537,
            0.9710258847804679,
            0.33385393709443995
          ],
          "loss": 10000000000.0
        }
      },
      "wood": [
        1.0,
        1.0,
        1.0
      ]
    },
    "G2": {
      "coeffs": {
        "5": {
          "coeff": [
            0.0,
            0.8187455731707544,
            0.0,
            0.819155778637272,
            0.42851453670442374
          ],
          "loss": 0.0951528251171112
        }
      },
      "wood": [
        1.0,
        1.0,
        1.0
      ]
    }
  }
}