{
  "notes": {
    "A#3": {
      "coeffs": {
        "3": {
          "coeff": [
            0.42416761512109946,
            0.4187826725846776,
            0.5220227412835423
          ],
          "loss": 0.5260775089263916
        },
        "5": {
          "coeff": [
            0.0832780580817616,
            1.0,
            0.0020543999275613326,
            0.6966906255007037,
            0.34234330032488475
          ],
          "loss": 0.35198089480400085
        }
      },
      "wood": [
        1.0,
        1.0,
        1.0
      ]
    },
    "A2": {
      "coeffs": {
        "3": {
          "coeff": [
            0.18954517531534074,
            1.0,
            0.5260259469282473
          ],
          "loss": 0.5953477025032043
        },
        "5": {
          "coeff": [
            0.1404300636515562,
            0.27720287264556775,
            0.0,
            1.0,
            0.4647237035214192
          ],
          "loss": 0.4666803777217865
        }
      },
      "wood": [
        1.0,
        1.0,
        1.0
      ]
    },
    "A3": {
      "coeffs": {
        "3": {
          "coeff": [
            0.4227012870044418,
            0.4220250849521307,
            0.5308292025453618
          ],
          "loss": 0.5360572934150696
        },
        "5": {
          "coeff": [
            0.09212573963912352,
            0.7640188961436704,
            0.021989206010354437,
            0.8091344576509704,
            0.3461161172936308
          ],
          "loss": 0.3762308657169342
        }
      },
      "wood": [
        1.0,
        1.0,
        1.0
      ]
    },
    "C#3": {
      "coeffs": {
        "3": {
          "coeff": [
            0.18955985470613873,
            1.0,
            0.4662353452737272
          ],
          "loss": 0.5347391366958618
        },
        "5": {
          "coeff": [
            0.1407535282824351,
            0.2692137787638634,
            0.0,
            1.0,
            0.41090299658597385
          ],
          "loss": 0.41279181838035583
        }
      },
      "wood": [
        1.0,
        1.0,
        1.0
      ]
    },
    "C2": {
      "coeffs": {
        "3": {
          "coeff": [
            0.1911473898524074,
            1.0,
            0.6907678763850903
          ],
          "loss": 0.7602716088294983
        },
        "5": {
          "coeff": [
            0.08250304523132174,
            1.0,
            0.01737622097447396,
            0.7080997091728375,
            0.6419294061475501
          ],
          "loss": 0.6495664715766907
        }
      },
      "wood": [
        1.0,
        1.0,
        1.0
      ]
    },
    "D#3": {
      "coeffs": {
        "3": {
          "coeff": [
            0.18982349815806682,
            1.0,
            0.44456927097678167
          ],
          "loss": 0.512578010559082
        },
        "5": {
          "coeff": [
            0.14405018838039887,
            0.26492738897265594,
            0.0,
            1.0,
            0.3914860954658175
          ],
          "loss": 0.39423394203186035
        }
      },
      "wood": [
        1.0,
        1.0,
        1.0
      ]
    },
    "D2": {
      "coeffs": {
        "3": {
          "coeff": [
            0.19091357973518702,
            1.0,
            0.6509179536618032
          ],
          "loss": 0.720445454120636
        },
        "5": {
          "coeff": [
            0.0792500020889975,
            0.4622167410029427,
            0.0,
            0.81229173772066,
            0.5922026007023347
          ],
          "loss": 0.59814453125
        }
      },
      "wood": [
        1.0,
        1.0,
        1.0
      ]
    },
    "E2": {
      "coeffs": {
        "3": {
          "coeff": [
            0.19144195491507146,
            1.0,
            0.6178442702417819
          ],
          "loss": 0.6867820620536804
        },
        "5": {
          "coeff": [
            0.08525563309995315,
            0.8706159675361423,
            0.004361604954023119,
            0.9755822213262242,
            0.5574048476360509
          ],
          "loss": 0.6010196208953857
        }
      },
      "wood": [
        1.0,
        1.0,
        1.0
      ]
    },
    "F#3": {
      "coeffs": {
        "3": {
          "coeff": [
            0.42396821027451137,
            0.4252398415946433,
            0.5882917169182186
          ],
          "loss": 0.5947632193565369
        },
        "5": {
          "coeff": [
            0.11165729276655896,
            0.3587989997424306,
            0.006985906937758502,
            0.889513214353724,
            0.3749396246761302
          ],
          "loss": 0.38481035828590393
        }
      },
      "wood": [
        1.0,
        1.0,
        1.0
      ]
    },
    "F3": {
      "coeffs": {
        "3": {
          "coeff": [
            0.18616147506509634,
            1.0,
            0.41954299865928923
          ],
          "loss": 0.4896189272403717
        },
        "5": {
          "coeff": [
            0.09485756686096741,
            0.3975392722047604,
            0.0,
            0.8407172169087802,
            0.38185373885428237
          ],
          "loss": 0.3880261480808258
        }
      },
      "wood": [
        1.0,
        1.0,
        1.0
      ]
    },
    "G2": {
      "coeffs": {
        "3": {
          "coeff": [
            0.1889831504126457,
            1.0,
            0.5621856760423464
          ],
          "loss": 0.6326133012771606
        },
        "5": {
          "coeff": [
            0.1408937387635677,
            0.25357944539803245,
            0.0,
            1.0,
            0.49439187959961745
          ],
          "loss": 0.49850210547447205
        }
      },
      "wood": [
        1.0,
        1.0,
        1.0
      ]
    }
  }
}