{
  "notes": {
    "A#3": {
      "coeffs": {
        "3": {
          "coeff": [
            0.1810881329206146,
            1.0,
            0.40599542075328726
          ],
          "loss": 0.8827106952667236
        },
        "5": {
          "coeff": [
            0.15042593521000872,
            0.23432941426914222,
            0.0,
            1.0,
            0.35922481658687644
          ],
          "loss": 0.7283294200897217
        }
      },
      "wood": [
        1.0,
        1.0,
        1.0
      ]
    },
    "A2": {
      "coeffs": {
        "3": {
          "coeff": [
            0.0,
            1.0,
            0.5183178707868163
          ],
          "loss": 1.2717111110687256
        },
        "5": {
          "coeff": [
            0.09107871583865337,
            0.0,
            0.0,
            0.9617536655218253,
            0.46645730987301437
          ],
          "loss": 1.0112888813018799
        }
      },
      "wood": [
        1.0,
        1.0,
        1.0
      ]
    },
    "A3": {
      "coeffs": {
        "3": {
          "coeff": [
            0.0,
            1.0,
            0.3678328459258324
          ],
          "loss": 0.9658932089805603
        },
        "5": {
          "coeff": [
            0.08471812927855858,
            0.6077670617844084,
            0.0002528050989004537,
            0.7787324395674396,
            0.38532338599404525
          ],
          "loss": 0.7831974029541016
        }
      },
      "wood": [
        1.0,
        1.0,
        1.0
      ]
    },
    "C#3": {
      "coeffs": {
        "3": {
          "coeff": [
            0.0,
            1.0,
            0.4588792013383034
          ],
          "loss": 1.1514183282852173
        },
        "5": {
          "coeff": [
            0.10274104414921524,
            0.0,
            0.0,
            0.9876225804112273,
            0.4108331111106982
          ],
          "loss": 0.9069750308990479
        }
      },
      "wood": [
        1.0,
        1.0,
        1.0
      ]
    },
    "C2": {
      "coeffs": {
        "3": {
          "coeff": [
            0.0,
            1.0,
            0.679887558833852
          ],
          "loss": 1.597008228302002
        },
        "5": {
          "coeff": [
            0.11133249729598067,
            0.0,
            0.0,
            0.9986579730158492,
            0.6096090737986949
          ],
          "loss": 1.2984648942947388
        }
      },
      "wood": [
        1.0,
        1.0,
        1.0
      ]
    },
    "D#3": {
      "coeffs": {
        "3": {
          "coeff": [
            0.0,
            1.0,
            0.4372916851083441
          ],
          "loss": 1.1075701713562012
        },
        "5": {
          "coeff": [
            0.14466659396882464,
            0.2559734663499,
            0.0,
            1.0,
            0.43593439762881864
          ],
          "loss": 0.8782760500907898
        }
      },
      "wood": [
        1.0,
        1.0,
        1.0
      ]
    },
    "D2": {
      "coeffs": {
        "3": {
          "coeff": [
            0.0,
            1.0,
            0.6407946441814248
          ],
          "loss": 1.5184167623519897
        },
        "5": {
          "coeff": [
            0.11517200728092727,
            0.0,
            0.0,
            1.0,
            0.5753125928926899
          ],
          "loss": 1.228279948234558
        }
      },
      "wood": [
        1.0,
        1.0,
        1.0
      ]
    },
    "E2": {
      "coeffs": {
        "3": {
          "coeff": [
            0.0,
            1.0,
            0.6077129113098049
          ],
          "loss": 1.4519166946411133
        },
        "5": {
          "coeff": [
            0.10000850425262593,
            0.0,
            0.0,
            0.992886099304316,
            0.5425343924615231
          ],
          "loss": 1.1708366870880127
        }
      },
      "wood": [
        1.0,
        1.0,
        1.0
      ]
    },
    "F#3": {
      "coeffs": {
        "3": {
          "coeff": [
            0.0,
            1.0,
            0.4081409453063013
          ],
          "loss": 1.0482614040374756
        },
        "5": {
          "coeff": [
            0.1469682712972203,
            0.2578074196848567,
            0.0,
            0.9993943182828349,
            0.40814289526499076
          ],
          "loss": 0.8189682364463806
        }
      },
      "wood": [
        1.0,
        1.0,
        1.0
      ]
    },
    "F3": {
      "coeffs": {
        "3": {
          "coeff": [
            0.0,
            1.0,
            0.41456197688151497
          ],
          "loss": 1.0614374876022339
        },
        "5": {
          "coeff": [
            0.14198819952851138,
            0.26188403229280016,
            0.0,
            1.0,
            0.41328266578667194
          ],
          "loss": 0.835206925868988
        }
      },
      "wood": [
        1.0,
        1.0,
        1.0
      ]
    },
    "G2": {
      "coeffs": {
        "3": {
          "coeff": [
            0.0,
            1.0,
            0.5544021993600624
          ],
          "loss": 1.3444205522537231
        },
        "5": {
          "coeff": [
            0.0,
            0.0,
            0.0,
            0.881940551457516,
            0.5003221803346954
          ],
          "loss": 1.0846105813980103
        }
      },
      "wood": [
        1.0,
        1.0,
        1.0
      ]
    }
  }
}