{
  "notes": {
    "A#3": {
      "coeffs": {
        "5": {
          "coeff": [
            0.36631826809388035,
            0.42987172392875,
            0.34202952186302166,
            0.3278803721466892,
            0.6843658021795275
          ],
          "loss": 0.13746334612369537
        }
      },
      "wood": [
        1.0,
        1.0,
        1.0
      ]
    },
    "A2": {
      "coeffs": {
        "5": {
          "coeff": [
            0.38618766079050093,
            0.5179527823903112,
            0.3208532958948658,
            0.34274006977587196,
            1.0
          ],
          "loss": 0.20143868029117584
        }
      },
      "wood": [
        1.0,
        1.0,
        1.0
      ]
    },
    "A3": {
      "coeffs": {
        "5": {
          "coeff": [
            0.45425885888404294,
            0.3508999259654407,
            0.36753407306901875,
            0.3243542929459916,
            0.6998634598480035
          ],
          "loss": 0.14145319163799286
        }
      },
      "wood": [
        1.0,
        1.0,
        1.0
      ]
    },
    "C#3": {
      "coeffs": {
        "5": {
          "coeff": [
            0.4145444144046906,
            0.3827683416832796,
            0.3753069665606052,
            0.28169373470558334,
            0.8831640510194677
          ],
          "loss": 0.17937086522579193
        }
      },
      "wood": [
        1.0,
        1.0,
        1.0
      ]
    },
    "C2": {
      "coeffs": {
        "5": {
          "coeff": [
            0.16334487824446722,
            0.42200748997024123,
            0.07678073680050325,
            0.8553113600517301,
            0.9034753540214479
          ],
          "loss": 0.19001248478889465
        }
      },
      "wood": [
        1.0,
        1.0,
        1.0
      ]
    },
    "D#3": {
      "coeffs": {
        "5": {
          "coeff": [
            0.4253569930741742,
            0.47715749445608635,
            0.31864078350607966,
            0.3478295745837256,
            0.8379446639390049
          ],
          "loss": 0.1686761975288391
        }
      },
      "wood": [
        1.0,
        1.0,
        1.0
      ]
    },
    "D2": {
      "coeffs": {
        "5": {
          "coeff": [
            0.2751320150714052,
            0.5091509761197187,
            0.14808149870761148,
            0.7587326720853597,
            0.9593590268481872
          ],
          "loss": 0.19358956813812256
        }
      },
      "wood": [
        1.0,
        1.0,
        1.0
      ]
    },
    "E2": {
      "coeffs": {
        "5": {
          "coeff": [
            0.3941232335247299,
            0.5325446013615468,
            0.19420153256830416,
            0.7729441842819508,
            0.9662187515210059
          ],
          "loss": 0.19580258429050446
        }
      },
      "wood": [
        1.0,
        1.0,
        1.0
      ]
    },
    "F#3": {
      "coeffs": {
        "5": {
          "coeff": [
            0.35170938507431665,
            0.47974807880722015,
            0.32928253759601955,
            0.3319541100077277,
            0.7793301309566505
          ],
          "loss": 0.1571444272994995
        }
      },
      "wood": [
        1.0,
        1.0,
        1.0
      ]
    },
    "F3": {
      "coeffs": {
        "5": {
          "coeff": [
            0.43182641765121377,
            0.46884460612430967,
            0.31294510325056313,
            0.3574024210857681,
            0.7891651352261433
          ],
          "loss": 0.15911142528057098
        }
      },
      "wood": [
        1.0,
        1.0,
        1.0
      ]
    },
    "G2": {
      "coeffs": {
        "5": {
          "coeff": [
            0.4417078208183487,
            0.5434635416663203,
            0.2704282213995565,
            0.4797127269940611,
            1.0
          ],
          "loss": 0.21891434490680695
        }
      },
      "wood": [
        1.0,
        1.0,
        1.0
      ]
    }
  }
}