{
  "notes": {
    "A#3": {
      "coeffs": {
        "5": {
          "coeff": [
            0.11725410536283908,
            0.5172817299228953,
            0.0,
            1.0,
            0.4985649721431781
          ],
          "loss": 0.11485031992197037
        }
      },
      "wood": [
        1.0,
        1.0,
        1.0
      ]
    },
    "A2": {
      "coeffs": {
        "5": {
          "coeff": [
            0.13049960690821436,
            0.46691072626252195,
            0.0,
            1.0,
            0.7104898400559999
          ],
          "loss": 0.15058574080467224
        }
      },
      "wood": [
        1.0,
        1.0,
        1.0
      ]
    },
    "A3": {
      "coeffs": {
        "5": {
          "coeff": [
            0.3954654607666756,
            0.48443893189614656,
            0.1657292748827855,
            0.686401364117008,
            0.6054377400690603
          ],
          "loss": 0.12343567609786987
        }
      },
      "wood": [
        1.0,
        1.0,
        1.0
      ]
    },
    "C#3": {
      "coeffs": {
        "5": {
          "coeff": [
            0.21419957159202735,
            0.31639512735274117,
            0.06068666366932116,
            0.776882089685345,
            0.6414378121762391
          ],
          "loss": 0.1338070183992386
        }
      },
      "wood": [
        1.0,
        1.0,
        1.0
      ]
    },
    "C2": {
      "coeffs": {
        "5": {
          "coeff": [
            0.1489495932766891,
            0.40262801190752945,
            0.0,
            1.0,
            0.9250656340246374
          ],
          "loss": 0.18743257224559784
        }
      },
      "wood": [
        1.0,
        1.0,
        1.0
      ]
    },
    "D#3": {
      "coeffs": {
        "5": {
          "coeff": [
            0.3244098050281351,
            0.4116616346517895,
            0.10915604294196132,
            0.866805845537269,
            0.6553149069010249
          ],
          "loss": 0.13655105233192444
        }
      },
      "wood": [
        1.0,
        1.0,
        1.0
      ]
    },
    "D2": {
      "coeffs": {
        "5": {
          "coeff": [
            0.15850053746071838,
            0.2866815736687132,
            0.0,
            0.836038555177162,
            0.84505670864284
          ],
          "loss": 0.17022551596164703
        }
      },
      "wood": [
        1.0,
        1.0,
        1.0
      ]
    },
    "E2": {
      "coeffs": {
        "5": {
          "coeff": [
            0.14877997412428196,
            0.4135037474977584,
            0.0,
            1.0,
            0.8284819323593251
          ],
          "loss": 0.17005319893360138
        }
      },
      "wood": [
        1.0,
        1.0,
        1.0
      ]
    },
    "F#3": {
      "coeffs": {
        "5": {
          "coeff": [
            0.2846337287406042,
            0.3604822910217521,
            0.08989392466576886,
            0.7819076675662576,
            0.5994679912366273
          ],
          "loss": 0.12589767575263977
        }
      },
      "wood": [
        1.0,
        1.0,
        1.0
      ]
    },
    "F3": {
      "coeffs": {
        "5": {
          "coeff": [
            0.17275021853275616,
            0.6150430859799976,
            0.11708042324067111,
            0.584674731180663,
            0.6318712251927576
          ],
          "loss": 0.1340733766555786
        }
      },
      "wood": [
        1.0,
        1.0,
        1.0
      ]
    },
    "G2": {
      "coeffs": {
        "5": {
          "coeff": [
            0.17842958278164867,
            0.3161231058848647,
            0.05091939646101965,
            0.7791761459105299,
            0.7641608423897844
          ],
          "loss": 0.165436789393425
        }
      },
      "wood": [
        1.0,
        1.0,
        1.0
      ]
    }
  }
}